household_id,address,income
01JJGRD99J9VH2YAVB02SPW3P9,Room 509,69518
01JJGRD99KK3W3QB5C8F9SJJ02,4th Floor,52746
01JJGRD99KKPPKNSE75W6KCPDS,2nd Floor,78764
01JJGRD99K7G06H771SMVDH6XQ,Apt 99,40382
01JJGRD99M5ZAJS0D6D5QD7D7D,2nd Floor,29266
01JJGRD99M1SH3P1ATQW5AYZ5B,Suite 39,74595
01JJGRD99NJQJSFRXV4960406T,Suite 47,74572
01JJGRD99NNCAKDX9P57CDDBPC,Room 111,40554
01JJGRD99P8KXCEV0R0RAJTGKV,PO Box 40383,97055
01JJGRD99QK3XV5WJY0WTV4865,5th Floor,82937
01JJGRD99Q3A7QGX6P1GWGXQE6,Room 341,69840
01JJGRD99RYSA08S5G7B33EPMV,Suite 79,11734
01JJGRD99SHAADZCAS93S4SAA0,Apt 1243,24254
01JJGRD99T0SAZ64HZN85BTDZF,Apt 1829,45298
01JJGRD99V8KSY4RZ3YB4RN8QW,Apt 999,65638
01JJGRD99VXZJXFBNYSPBGTWYP,18th Floor,75308
01JJGRD99WERSRN4HXC2Z953Y5,Apt 1635,27229
01JJGRD99XB1HP2RJMKQHHNGHN,Suite 99,56204
01JJGRD99XAMASRZ9QP5A85E0G,PO Box 3281,21764
01JJGRD99X6D8QBJVJY5TX8MKJ,3rd Floor,85201
01JJGRD99YG6E72ZM8RMFPNJ9M,Apt 252,81779
01JJGRD99YENWW8GMTDM56PQ35,8th Floor,80960
01JJGRD99YM9ABX5JB4BWB3YY9,Room 1272,28592
01JJGRD99ZD08KRR4XZG3KCP1J,20th Floor,64435
01JJGRD99Z214MAQ4H7C1Y7RVG,Room 1750,5156
01JJGRD99Z9NVMJ7TB0MYYE5K7,PO Box 47903,46519
01JJGRD9A0CRBKZH9DS2DY6EAG,Suite 69,70652
01JJGRD9A08B1YNCV8TYHNAH0S,PO Box 17129,66838
01JJGRD9A08G2EJ8C3Q88MK31W,Suite 16,73991
01JJGRD9A14QA0WS2S5WRBAH9R,11th Floor,16914
01JJGRD9A1HWP9A2QS19DZWH81,Room 89,27569
01JJGRD9A1TCAFXST2602FT3RW,8th Floor,86794
01JJGRD9A29JGFFYY61964V6AY,Room 760,64039
01JJGRD9A2H38Y46MWWPFXAPCS,11th Floor,79241
01JJGRD9A2EJ50M0TZ7D222BBT,PO Box 27287,80218
01JJGRD9A39GJPGTQ280CXRDS8,Room 306,61146
01JJGRD9A3ZBWYFMCRS8T8YER7,PO Box 13742,12918
01JJGRD9A31KPXN1WFDEMNG6VF,Room 1710,6633
01JJGRD9A41DA3R8B49SNDXZQF,Room 300,71026
01JJGRD9A4NDP3GHD1MCQEQCRS,Room 132,84218
01JJGRD9A5KQVE8TK46WKAK97H,Apt 1376,79947
01JJGRD9A6H13FPZEDXAZGXPR3,Suite 67,92051
01JJGRD9A60QJA4TG2WX0PT7BM,Apt 1705,58750
01JJGRD9A6DEFACBJDG4SZME9Q,Suite 80,30241
01JJGRD9A713AXMPW1T6Q7KSB0,18th Floor,32998
01JJGRD9A76MAB75BZQT74QP8G,Apt 1509,94950
01JJGRD9A8NHAA0201Z5XNGJ4D,11th Floor,15452
01JJGRD9A8X2V6KE4ZSC0P6556,Suite 89,38609
01JJGRD9A9FMMCF8R795D5NKQ5,Room 1410,35115
01JJGRD9A938E1GDTR3RX75HE1,Room 1339,41622
01JJGRD9A94E6FT5W6600RDRCG,Apt 1655,80028
01JJGRD9A9HE9TQ1MPTE35EKW6,Room 1742,11491
01JJGRD9AAY26HJWGKBBYNH9C7,Room 8,53607
01JJGRD9AAGY4M7KX2MKFXW1R1,PO Box 54990,15198
01JJGRD9AAW5HEXXNMD4JPKB73,Apt 257,97282
01JJGRD9ABF4K2VCZ0WEPW20YD,Apt 1822,9947
01JJGRD9AB8AGWE5WKDX84YTG3,Suite 88,15911
01JJGRD9ABNVWA44HH8TH453GH,11th Floor,66737
01JJGRD9ACGW7SE30QQ3BPBTGT,8th Floor,77112
01JJGRD9AD521FJ70GVEZMCXX9,PO Box 23894,7405
01JJGRD9ADA7SCS1837PATF6H0,Suite 86,39343
01JJGRD9AEG8YS1H1MBY13Y5X2,Suite 17,96072
01JJGRD9AEH7ZTD3ED4CBBMQYP,Room 1534,32608
01JJGRD9AE11Z2D70B4YTXBDZF,15th Floor,47769
01JJGRD9AF1NM4BJXM9EXJ6K9Q,Apt 444,8327
01JJGRD9AFYBVEKP9YCK354FXM,Room 86,19177
01JJGRD9AFQJQ3NRPXKM324VFV,Suite 86,71438
01JJGRD9AF4795PHFYGRNKFNBM,Room 1885,63036
01JJGRD9AGNH0ZAGHWD6Y51N8S,18th Floor,47994
01JJGRD9AGTZHXP9ENAY6H6TSW,PO Box 96889,55314
01JJGRD9AHM3AVT6AVZ0HH5GCJ,Suite 46,82879
01JJGRD9AH63C7JSZSNEAD757W,Suite 22,11370
01JJGRD9AH06XSTNZ2N0BPP5JC,Apt 600,95865
01JJGRD9AHNZA7F27HKVHVM632,Apt 1264,80160
01JJGRD9AJ6JJZBYV2BJJGPPYY,Apt 640,46458
01JJGRD9AJNFAQ38Y76GETD57S,Apt 491,14267
01JJGRD9AJY206XWXZYCC6Q45Y,Room 1204,24997
01JJGRD9AK6R3YNTAZFXWD6ESD,7th Floor,78637
01JJGRD9AM6CNGAAYRZ36BVM0P,Suite 4,90301
01JJGRD9AMSTMMG37DHZE28JDS,Apt 1301,17589
01JJGRD9AMZEDNFG2VSX09XMKF,4th Floor,49757
01JJGRD9ANF87F81NXRYAEZQM3,Room 375,98978
01JJGRD9ANY2VQB2WDEGDFB0X9,2nd Floor,32203
01JJGRD9ANCDQZYKFS941MCA5N,Room 1337,47479
01JJGRD9AP03DDQXG3VH8HP772,15th Floor,68281
01JJGRD9APWRR6WN9FTBVM94JA,Apt 432,86049
01JJGRD9AP81SE1T2NPQFD72PT,Suite 17,25680
01JJGRD9AQDC622CXRHM9AB3SY,Room 1013,37395
01JJGRD9AQKV4S4QH34RB2NHMN,Apt 1575,97242
01JJGRD9AQNEZNF63WZ9E9H2FC,Suite 69,40265
01JJGRD9AR6N02RMRGBZ7Z0164,2nd Floor,17917
01JJGRD9ARZV7JA08BT65X5SFM,Room 739,28687
01JJGRD9AS6QYP76Q4K22S9DPM,17th Floor,42280
01JJGRD9ASG9S69HETFJ0TJN0T,Suite 61,15441
01JJGRD9AS9KG5PSWFXNRFK0N5,Room 1747,36602
01JJGRD9ASPAHPMSKV8TQNZQWQ,Suite 57,68181
01JJGRD9AT7ANCSMCRRNTSN8F0,Room 576,10942
01JJGRD9ATC8W3TC1AQQB0YDPD,Apt 868,46437
01JJGRD9ATQJRSQ7XQHJTZQ576,Apt 1015,20442
01JJGRD9AV5F2F2A7TV5Y7XYJD,Room 1978,57122
