enrollments_id,citizen_id,scheme_id,enrollment_date
01JJGWGRKA8XRZ131W8448NAN0,70,01JJGW6Z8ZAFYHTGWD5BN4N7JW,9/11/2023
01JJGWGRKB3QH51RY7VY8B63W0,39,01JJGW6Z8Y6ZTR0C2K3TRCY6EF,2/11/2017
01JJGWGRKCTJFMKT1MG2Z82Q53,81,01JJGW6Z915Y49PNX13PJQZMWB,5/5/2008
01JJGWGRKCYT79QRP8RN85HGSP,4,01JJGW6Z915Y49PNX13PJQZMWB,5/5/2009
01JJGWGRKDKAWXP191SRDD82QN,80,01JJGW6Z91EHSZGX7DD9YZEMH0,11/1/2001
01JJGWGRKD9ZA6PNBWGFJPFTTH,94,01JJGW6Z8X0H8AM337F8CJ9ZA7,7/25/2002
01JJGWGRKE21ZSSCMV6AF4S528,6,01JJGW6Z906VSD7PAJ68JN374X,5/21/2017
01JJGWGRKFJKQQS59NHBEVK54S,28,01JJGW6Z915Y49PNX13PJQZMWB,9/23/2023
01JJGWGRKG5CDWMXCJ4CKYG8JC,51,01JJGW6Z91T9ARQPG1DP6R07P7,4/1/2003
01JJGWGRKH5R08ZP9P9YTR7PZY,54,01JJGW6Z906VSD7PAJ68JN374X,7/11/2001
01JJGWGRKHQHWMW7PPQSFKVMRK,46,01JJGW6Z90DFA2AZVFNTCWMFHH,11/1/2007
01JJGWGRKHDP0JG9NC3M6447DY,26,01JJGW6Z8X0H8AM337F8CJ9ZA7,1/28/2014
01JJGWGRKJ73MDNM0FA0YERCDV,11,01JJGW6Z8X0H8AM337F8CJ9ZA7,7/17/2007
01JJGWGRKJSABG98D34HPT0ZFK,100,01JJGW6Z8X0H8AM337F8CJ9ZA7,8/24/2006
01JJGWGRKKXJ0C2WPFSSP8F53A,74,01JJGW6Z91T9ARQPG1DP6R07P7,7/11/2016
01JJGWGRKK0674WZZRVEJMFZN5,73,01JJGW6Z906VSD7PAJ68JN374X,9/22/2013
01JJGWGRKMTPF6V5YTBRJTKX1E,4,01JJGW6Z8Z3VNQVCTFPY4ADT7J,3/1/2019
01JJGWGRKMP1120M6PCWDC6RAM,31,01JJGW6Z90CSHRDJZR9Z8T0NZ9,4/28/2011
01JJGWGRKNX5WMF5RPCA90WA4T,41,01JJGW6Z8ZAFYHTGWD5BN4N7JW,2/9/2011
01JJGWGRKPP515TJ7PRYP8JSM7,55,01JJGW6Z8ZAFYHTGWD5BN4N7JW,6/11/2023
01JJGWGRKQZ7W39NRYVA0HZSTW,46,01JJGW6Z90CSHRDJZR9Z8T0NZ9,5/9/2020
01JJGWGRKQ1W8GQA4EECPAW7XA,95,01JJGW6Z906VSD7PAJ68JN374X,2/3/2021
01JJGWGRKRDGQ9T1443T9JCJ6D,8,01JJGW6Z8Y6ZTR0C2K3TRCY6EF,5/8/2011
01JJGWGRKRHEECVMGS7EHMF17H,33,01JJGW6Z90CSHRDJZR9Z8T0NZ9,8/6/2003
01JJGWGRKS9M9PB1X14P25PR9T,43,01JJGW6Z91EHSZGX7DD9YZEMH0,10/6/2011
01JJGWGRKS8CHTDSPKYFAB1J9K,41,01JJGW6Z91T9ARQPG1DP6R07P7,4/5/2016
01JJGWGRKTJRBN9TH5N21DM5Z1,24,01JJGW6Z91EHSZGX7DD9YZEMH0,10/14/2004
01JJGWGRKT11FJMPT9KR0ZCCX8,46,01JJGW6Z90CSHRDJZR9Z8T0NZ9,8/4/2020
01JJGWGRKV6MEW4Y0H7EEZZTT4,84,01JJGW6Z91EHSZGX7DD9YZEMH0,5/30/2000
01JJGWGRKVMVB2RWAVATMPMB94,26,01JJGW6Z8Y6ZTR0C2K3TRCY6EF,7/10/2023
01JJGWGRKWTC81H9QMC6GT79H3,38,01JJGW6Z8X0H8AM337F8CJ9ZA7,4/17/2011
01JJGWGRKW0FXRN1B6PRPMYEN5,55,01JJGW6Z915Y49PNX13PJQZMWB,7/3/2003
01JJGWGRKW2YS9GRWRFYA5SD3P,32,01JJGW6Z8ZAFYHTGWD5BN4N7JW,12/26/2015
01JJGWGRKXZ6YR4ZJ7Y335YJEY,21,01JJGW6Z8ZAFYHTGWD5BN4N7JW,12/20/2010
01JJGWGRKXCPQEXVPG3912KYVE,36,01JJGW6Z8Z3VNQVCTFPY4ADT7J,6/7/2006
01JJGWGRKYN0VGB699YT895MZV,82,01JJGW6Z8Z3VNQVCTFPY4ADT7J,3/7/2002
01JJGWGRKYQ7RQDDEN38KPJ5T5,97,01JJGW6Z8Z3VNQVCTFPY4ADT7J,3/21/2011
01JJGWGRKZFC9T4EMND025BHX6,25,01JJGW6Z90CSHRDJZR9Z8T0NZ9,8/22/2010
01JJGWGRM0DGM5ZFQ9YD10ZMRH,44,01JJGW6Z90CSHRDJZR9Z8T0NZ9,7/20/2017
01JJGWGRM0B2M61J2ANKJQ3DJF,27,01JJGW6Z90CSHRDJZR9Z8T0NZ9,8/9/2003
01JJGWGRM13JVB1S3P8RS5W9B1,96,01JJGW6Z906VSD7PAJ68JN374X,7/19/2002
01JJGWGRM2HKXACKR0AP4W9RSW,60,01JJGW6Z91T9ARQPG1DP6R07P7,1/31/2019
01JJGWGRM378GP6NBZ9Y2QA3Z8,72,01JJGW6Z906VSD7PAJ68JN374X,3/9/2016
01JJGWGRM4109MTH0760Z76DW9,24,01JJGW6Z8X0H8AM337F8CJ9ZA7,1/9/2024
01JJGWGRM4K7MH0FJ8JQCGJJSE,25,01JJGW6Z8Z3VNQVCTFPY4ADT7J,11/18/2003
01JJGWGRM4WD45XDDG9CR7EYWC,83,01JJGW6Z90CSHRDJZR9Z8T0NZ9,9/14/2019
01JJGWGRM5WNZXN17H4STNNS9J,51,01JJGW6Z8ZAFYHTGWD5BN4N7JW,6/27/2004
01JJGWGRM5WS0XBBFWHB90E746,6,01JJGW6Z8Z3VNQVCTFPY4ADT7J,6/21/2010
01JJGWGRM6J8A5N6XPJYK45ZHC,88,01JJGW6Z90DFA2AZVFNTCWMFHH,3/2/2024
01JJGWGRM6C9V8TEMBJ49SX95W,19,01JJGW6Z915Y49PNX13PJQZMWB,11/3/2001
01JJGWGRM7X3CKTEY4XF53NRNS,38,01JJGW6Z8Z3VNQVCTFPY4ADT7J,5/23/2008
01JJGWGRM7DZCB865KB4SXSDNA,38,01JJGW6Z91T9ARQPG1DP6R07P7,5/11/2020
01JJGWGRM80XXCPPGN1HR7G394,81,01JJGW6Z91T9ARQPG1DP6R07P7,3/6/2022
01JJGWGRM8Z1NS09N8GTA1DJ52,58,01JJGW6Z8X0H8AM337F8CJ9ZA7,5/17/2002
01JJGWGRM9YZGT6VPJ2WSHB722,38,01JJGW6Z8X0H8AM337F8CJ9ZA7,9/9/2014
01JJGWGRM95ZA6BDPRYDEBQSG5,74,01JJGW6Z90CSHRDJZR9Z8T0NZ9,10/28/2015
01JJGWGRM9PAJH3JDFDPGF7B3Z,68,01JJGW6Z915Y49PNX13PJQZMWB,12/6/2003
01JJGWGRMAZDE29D3227PVRNJ6,100,01JJGW6Z8Z3VNQVCTFPY4ADT7J,11/17/2023
01JJGWGRMAPFWSRQS8GM07FPE0,25,01JJGW6Z90CSHRDJZR9Z8T0NZ9,4/19/2024
01JJGWGRMBFSCZSNZH9KKSMF08,19,01JJGW6Z90DFA2AZVFNTCWMFHH,5/26/2001
01JJGWGRMCYGTRAA9V7KTPJD0D,90,01JJGW6Z8X0H8AM337F8CJ9ZA7,5/20/2013
01JJGWGRMCK0VR5ZGZCES446K7,5,01JJGW6Z8Z3VNQVCTFPY4ADT7J,5/2/2010
01JJGWGRMDRPJ8ZXK53R2KH4NJ,39,01JJGW6Z8Y6ZTR0C2K3TRCY6EF,7/12/2010
01JJGWGRMEF9GD9KF20AJ4W74T,72,01JJGW6Z91T9ARQPG1DP6R07P7,5/12/2000
01JJGWGRMF6348Q9TJ6BAS0C44,55,01JJGW6Z906VSD7PAJ68JN374X,6/11/2014
01JJGWGRMF6BDQAKTGJEH37JXY,32,01JJGW6Z90CSHRDJZR9Z8T0NZ9,1/23/2014
01JJGWGRMG32MKKMRZB4CFT6Z2,63,01JJGW6Z8X0H8AM337F8CJ9ZA7,9/1/2019
01JJGWGRMGR9DDTX85ZGGB24HY,25,01JJGW6Z91T9ARQPG1DP6R07P7,6/19/2008
01JJGWGRMHT9KNQ1AKHNKWDMHX,68,01JJGW6Z8Z3VNQVCTFPY4ADT7J,6/21/2002
01JJGWGRMH0AT2TGVF2KAKXKCA,55,01JJGW6Z91T9ARQPG1DP6R07P7,7/30/2006
01JJGWGRMJQD9K09ZYZZGFHF2Y,67,01JJGW6Z91T9ARQPG1DP6R07P7,3/19/2013
01JJGWGRMJRZZDX3SE6T97HHVC,30,01JJGW6Z8Y6ZTR0C2K3TRCY6EF,1/6/2003
01JJGWGRMKATADDT3HZE35N64H,94,01JJGW6Z90DFA2AZVFNTCWMFHH,8/26/2009
01JJGWGRMMA96NKE2DFJJ6V7AF,58,01JJGW6Z915Y49PNX13PJQZMWB,4/29/2017
01JJGWGRMNZX29WK4HQGEY013Y,23,01JJGW6Z90CSHRDJZR9Z8T0NZ9,8/6/2008
01JJGWGRMPDHTKYCKFBFCY6Q9W,82,01JJGW6Z8X0H8AM337F8CJ9ZA7,12/11/2020
01JJGWGRMQPMRCZ7T222NQFB3H,41,01JJGW6Z91T9ARQPG1DP6R07P7,8/7/2020
01JJGWGRMRZ9VM5NBVGSPZH253,32,01JJGW6Z91EHSZGX7DD9YZEMH0,1/9/2013
01JJGWGRMSR3YMYEMC55A83F8C,52,01JJGW6Z906VSD7PAJ68JN374X,12/6/2022
01JJGWGRMS75Q5DN7J6GNA8GX2,98,01JJGW6Z915Y49PNX13PJQZMWB,11/1/2008
01JJGWGRMTJMG5XPZHYV3VVW98,99,01JJGW6Z906VSD7PAJ68JN374X,2/18/2005
01JJGWGRNM7TRYB9HWCJ5NH6FN,42,01JJGW6Z91EHSZGX7DD9YZEMH0,5/11/2019
01JJGWGRNNRH2EZGFS7ZTC4SND,60,01JJGW6Z915Y49PNX13PJQZMWB,3/26/2019
01JJGWGRNPD0JFV1MGT1814BKQ,70,01JJGW6Z915Y49PNX13PJQZMWB,10/16/2006
01JJGWGRNP9MRJHGETCBS1XGQ2,92,01JJGW6Z8X0H8AM337F8CJ9ZA7,11/26/2017
01JJGWGRNQDYZMKE68RTT8760F,31,01JJGW6Z8X0H8AM337F8CJ9ZA7,6/23/2001
01JJGWGRNQRTVY3270ZBWPK7N4,17,01JJGW6Z91T9ARQPG1DP6R07P7,1/20/2020
01JJGWGRNRVYG39B2HEMB10X6B,52,01JJGW6Z90CSHRDJZR9Z8T0NZ9,6/20/2012
01JJGWGRNR73V92VC4E4XKY362,85,01JJGW6Z8Y6ZTR0C2K3TRCY6EF,12/12/2014
01JJGWGRNSZJ0NDAF67KYFSXEF,29,01JJGW6Z91EHSZGX7DD9YZEMH0,10/19/2006
01JJGWGRNSG041J1CWPFYQG703,14,01JJGW6Z915Y49PNX13PJQZMWB,8/9/2003
01JJGWGRNTJY4MAW87RMSTJMQP,60,01JJGW6Z91T9ARQPG1DP6R07P7,1/18/2016
01JJGWGRNT70XBJ6Y9Q26T3BT1,39,01JJGW6Z8X0H8AM337F8CJ9ZA7,6/2/2013
01JJGWGRNVHQ9HZ3ZJ46KETKCS,90,01JJGW6Z8X0H8AM337F8CJ9ZA7,9/5/2024
01JJGWGRNWMQ3CPJPE2AR8E041,1,01JJGW6Z90CSHRDJZR9Z8T0NZ9,4/5/2013
01JJGWGRNWXK8BEY3ZA7YRYCW7,76,01JJGW6Z8ZAFYHTGWD5BN4N7JW,6/12/2007
01JJGWGRNY7MJRFAAKJWNF74H7,75,01JJGW6Z8Z3VNQVCTFPY4ADT7J,5/22/2009
01JJGWGRNY9X9ZWB1KQKE0NZHZ,91,01JJGW6Z91T9ARQPG1DP6R07P7,7/15/2023
01JJGWGRNZ6G7MRC5BNWBEWQD5,55,01JJGW6Z91EHSZGX7DD9YZEMH0,1/16/2018
01JJGWGRP0V4GYET3SQFR3N1F9,28,01JJGW6Z90CSHRDJZR9Z8T0NZ9,9/27/2003
