scheme_id,name,description
01JJGW6Z8X0H8AM337F8CJ9ZA7,mi in porttitor pede justo eu massa donec dapibus duis at velit eu est,"Curabitur gravida nisi at nibh. In hac habitasse platea dictumst. Aliquam augue quam, sollicitudin vitae, consectetuer eget, rutrum at, lorem. Integer tincidunt ante vel ipsum. Praesent blandit lacinia erat."
01JJGW6Z8Y6ZTR0C2K3TRCY6EF,amet eros suspendisse accumsan tortor quis turpis sed ante vivamus tortor duis mattis egestas metus aenean fermentum donec,In blandit ultrices enim.
01JJGW6Z8ZAFYHTGWD5BN4N7JW,tincidunt eu felis fusce posuere felis sed lacus morbi sem mauris laoreet ut rhoncus aliquet pulvinar sed nisl nunc rhoncus,"Proin eu mi. Nulla ac enim. In tempor, turpis nec euismod scelerisque, quam turpis adipiscing lorem, vitae mattis nibh ligula nec sem. Duis aliquam convallis nunc. Proin at turpis a pede posuere nonummy. Integer non velit."
01JJGW6Z8Z3VNQVCTFPY4ADT7J,amet cursus id turpis integer aliquet massa id lobortis convallis tortor risus dapibus augue vel accumsan tellus nisi eu,"Nullam orci pede, venenatis non, sodales sed, tincidunt eu, felis."
01JJGW6Z906VSD7PAJ68JN374X,natoque penatibus et magnis dis parturient montes nascetur ridiculus mus vivamus,"Aenean fermentum. Donec ut mauris eget massa tempor convallis. Nulla neque libero, convallis eget, eleifend luctus, ultricies eu, nibh. Quisque id justo sit amet sapien dignissim vestibulum. Vestibulum ante ipsum primis in faucibus orci luctus et ultrices posuere cubilia Curae; Nulla dapibus dolor vel est. Donec odio justo, sollicitudin ut, suscipit a, feugiat et, eros. Vestibulum ac est lacinia nisi venenatis tristique. Fusce congue, diam id ornare imperdiet, sapien urna pretium nisl, ut volutpat sapien arcu sed augue. Aliquam erat volutpat."
01JJGW6Z90DFA2AZVFNTCWMFHH,pulvinar sed nisl nunc rhoncus dui vel sem sed sagittis nam,"Mauris ullamcorper purus sit amet nulla. Quisque arcu libero, rutrum ac, lobortis vel, dapibus at, diam."
01JJGW6Z90CSHRDJZR9Z8T0NZ9,odio curabitur convallis duis consequat dui nec nisi volutpat eleifend donec ut dolor morbi,"Donec vitae nisi. Nam ultrices, libero non mattis pulvinar, nulla pede ullamcorper augue, a suscipit nulla elit ac nulla. Sed vel enim sit amet nunc viverra dapibus. Nulla suscipit ligula in lacus. Curabitur at ipsum ac tellus semper interdum. Mauris ullamcorper purus sit amet nulla. Quisque arcu libero, rutrum ac, lobortis vel, dapibus at, diam. Nam tristique tortor eu pede."
01JJGW6Z91EHSZGX7DD9YZEMH0,risus praesent lectus vestibulum quam sapien varius ut blandit non interdum in ante,Proin at turpis a pede posuere nonummy. Integer non velit.
01JJGW6Z91T9ARQPG1DP6R07P7,ante vel ipsum praesent blandit lacinia erat vestibulum sed magna,"In hac habitasse platea dictumst. Morbi vestibulum, velit id pretium iaculis, diam erat fermentum justo, nec condimentum neque sapien placerat ante."
01JJGW6Z915Y49PNX13PJQZMWB,sapien quis libero nullam sit amet turpis elementum ligula vehicula consequat morbi a ipsum integer a nibh,"In hac habitasse platea dictumst. Morbi vestibulum, velit id pretium iaculis, diam erat fermentum justo, nec condimentum neque sapien placerat ante. Nulla justo."
